{
    "version": "2.0.0",
    "tasks": [
        {
            "label": "build",
            "type": "shell",
            "command": "g++",
            "args": [
                "-std=c++17",
                "main.cpp",
                "-o", "maze_game",
                "-I", "path/to/raylib/include",
                "-L", "path/to/raylib/lib",
                "-lraylib",
                "-lopengl32",
                "-lgdi32",
                "-lwinmm"
            ],
            "group": {
                "kind": "build",
                "isDefault": true
            },
            "problemMatcher": ["$gcc"],
            "detail": "Build Raylib Maze Game"
        }
    ]
}
